{"cameraMode":{"drawMode":0,"name":"Shaded","section":"Shading Mode"},"sceneLighting":false,"audioPlay":false,"sceneViewState":{"m_AlwaysRefresh":false,"showFog":true,"showSkybox":true,"showFlares":true,"showImageEffects":true,"showParticleSystems":true,"showVisualEffectGraphs":true,"m_FxEnabled":true},"in2DMode":false,"pivot":{"x":-3.8652126789093019,"y":0.4310501515865326,"z":-27.333171844482423},"rotation":{"x":-0.0238167867064476,"y":0.9759992957115173,"z":-0.14332987368106843,"w":-0.16221600770950318},"size":25.202409744262697,"orthographic":false}